country,capital,continent,description
Afghanistan,Kabul,Asia,"Afghanistan is a landlocked country in Central Asia known for its mountainous terrain and rich cultural history."
Albania,Tirana,Europe,"Albania is a Balkan country known for its diverse landscapes from coastal areas to mountainous regions."
Algeria,Algiers,Africa,"Algeria is the largest country in Africa known for its Sahara Desert and Mediterranean coastline."
Andorra,Andorra la Vella,Europe,"Andorra is a small landlocked principality in the Pyrenees mountains between France and Spain."
Angola,Luanda,Africa,"Angola is a southern African country known for its oil reserves and diverse wildlife."
Antigua and Barbuda,Saint John's,North America,"Antigua and Barbuda is a Caribbean nation consisting of two major islands known for beautiful beaches."
Argentina,Buenos Aires,South America,"Argentina is famous for tango dance, Patagonia region, and its beef production."
Armenia,Yerevan,Asia,"Armenia is a landlocked country in the South Caucasus known for its ancient Christian heritage."
Australia,Canberra,Oceania,"Australia is known for its unique wildlife, natural wonders, and the Great Barrier Reef."
Austria,Vienna,Europe,"Austria is famous for its classical music heritage, Alpine landscapes, and historic cities."
Azerbaijan,Baku,Asia,"Azerbaijan is known for its oil industry, Caspian Sea coastline, and fire temples."
Bahamas,Nassau,North America,"The Bahamas is an archipelago of islands in the Caribbean known for crystal-clear waters and coral reefs."
Bahrain,Manama,Asia,"Bahrain is a small island nation in the Persian Gulf known for its financial sector and pearl diving history."
Bangladesh,Dhaka,Asia,"Bangladesh is known for its river deltas, textile industry, and rich cultural traditions."
Barbados,Bridgetown,North America,"Barbados is a Caribbean island nation famous for its beaches, rum, and cricket culture."
Belarus,Minsk,Europe,"Belarus is a landlocked country in Eastern Europe known for its forests and Soviet-era architecture."
Belgium,Brussels,Europe,"Belgium is famous for its chocolates, waffles, beer, and as the headquarters of the European Union."
Belize,Belmopan,North America,"Belize is known for its barrier reef, Mayan ruins, and diverse ecosystems."
Benin,Porto-Novo,Africa,"Benin is a West African country known for its role in the historical slave trade and voodoo traditions."
Bhutan,Thimphu,Asia,"Bhutan is a Himalayan kingdom known for measuring Gross National Happiness and its pristine environment."
Bolivia,Sucre,South America,"Bolivia is known for its high-altitude capital, salt flats, and indigenous cultures."
Bosnia and Herzegovina,Sarajevo,Europe,"Bosnia and Herzegovina is known for its Ottoman heritage, mountainous terrain, and cultural diversity."
Botswana,Gaborone,Africa,"Botswana is known for the Kalahari Desert, diamond mining, and wildlife conservation efforts."
Brazil,Brasília,South America,"Brazil is the largest country in South America known for the Amazon rainforest and carnival celebrations."
Brunei,Bandar Seri Begawan,Asia,"Brunei is a small Southeast Asian sultanate known for its oil wealth and rainforests."
Bulgaria,Sofia,Europe,"Bulgaria is known for its Black Sea coastline, rose oil production, and ancient Thracian heritage."
Burkina Faso,Ouagadougou,Africa,"Burkina Faso is a landlocked West African country known for its traditional crafts and music."
Burundi,Gitega,Africa,"Burundi is a small East African country known for its hilly terrain and coffee production."
Cabo Verde,Praia,Africa,"Cabo Verde is an island nation off the West African coast known for its music and volcanic landscapes."
Cambodia,Phnom Penh,Asia,"Cambodia is famous for the ancient Angkor Wat temple complex and its Khmer heritage."
Cameroon,Yaoundé,Africa,"Cameroon is known as Africa in miniature due to its diverse geography and cultural groups."
Canada,Ottawa,North America,"Canada is known for its vast wilderness, maple syrup, and multicultural society."
Central African Republic,Bangui,Africa,"The Central African Republic is known for its wildlife reserves and diamond mining."
Chad,N'Djamena,Africa,"Chad is a landlocked country known for Lake Chad and its diverse ethnic groups."
Chile,Santiago,South America,"Chile is known for its long Pacific coastline, Atacama Desert, and wine production."
China,Beijing,Asia,"China is the world's most populous country known for its ancient culture and rapid economic growth."
Colombia,Bogotá,South America,"Colombia is known for its coffee production, biodiversity, and Caribbean and Pacific coastlines."
Comoros,Moroni,Africa,"Comoros is an island nation in the Indian Ocean known for its volcanic islands and ylang-ylang production."
Congo (Democratic Republic),Kinshasa,Africa,"The Democratic Republic of Congo is known for its vast mineral resources and Congo River."
Congo (Republic),Brazzaville,Africa,"The Republic of Congo is known for its rainforests and oil production."
Costa Rica,San José,North America,"Costa Rica is famous for its biodiversity, eco-tourism, and stable democracy."
Croatia,Zagreb,Europe,"Croatia is known for its Adriatic coastline, historic cities, and as a filming location for Game of Thrones."
Cuba,Havana,North America,"Cuba is known for its revolutionary history, cigars, classic cars, and salsa music."
Cyprus,Nicosia,Europe,"Cyprus is a Mediterranean island known for its beaches, ancient ruins, and divided capital."
Czech Republic,Prague,Europe,"The Czech Republic is famous for its medieval architecture, beer culture, and crystal production."
Denmark,Copenhagen,Europe,"Denmark is known for its Viking heritage, design culture, and high quality of life."
Djibouti,Djibouti,Africa,"Djibouti is a small East African country known for its strategic location at the Red Sea."
Dominica,Roseau,North America,"Dominica is known as the Nature Island of the Caribbean for its pristine rainforests and waterfalls."
Dominican Republic,Santo Domingo,North America,"The Dominican Republic is known for its beaches, merengue music, and baseball players."
Ecuador,Quito,South America,"Ecuador is famous for the Galápagos Islands, Amazon rainforest, and being crossed by the equator."
Egypt,Cairo,Africa,"Egypt is home to ancient pyramids, the Nile River, and rich pharaonic history."
El Salvador,San Salvador,North America,"El Salvador is the smallest Central American country known for its volcanoes and coffee."
Equatorial Guinea,Malabo,Africa,"Equatorial Guinea is known for its oil wealth and unique position as the only Spanish-speaking African country."
Eritrea,Asmara,Africa,"Eritrea is known for its Red Sea coastline and Italian colonial architecture."
Estonia,Tallinn,Europe,"Estonia is known for its digital innovation, medieval old towns, and Baltic Sea islands."
Eswatini,Mbabane,Africa,"Eswatini (formerly Swaziland) is known for its traditional monarchy and wildlife reserves."
Ethiopia,Addis Ababa,Africa,"Ethiopia is known as the birthplace of coffee, ancient churches, and being the seat of the African Union."
Fiji,Suva,Oceania,"Fiji is an island nation known for its coral reefs, tropical climate, and friendly culture."
Finland,Helsinki,Europe,"Finland is known for its saunas, Northern Lights, education system, and forest coverage."
France,Paris,Europe,"France is known for its wine, fashion, cuisine, art, and historical landmarks like the Eiffel Tower."
Gabon,Libreville,Africa,"Gabon is known for its rainforests, oil wealth, and wildlife conservation efforts."
Gambia,Banjul,Africa,"The Gambia is the smallest African mainland country, known for its river and birdwatching."
Georgia,Tbilisi,Asia,"Georgia is known for its wine-making tradition, mountain landscapes, and ancient churches."
Germany,Berlin,Europe,"Germany is famous for its engineering, Oktoberfest, automotive industry, and historical significance."
Ghana,Accra,Africa,"Ghana is known for its Gold Coast history, cocoa production, and stable democracy."
Greece,Athens,Europe,"Greece is the birthplace of democracy and Western philosophy, known for ancient ruins and islands."
Grenada,Saint George's,North America,"Grenada is known as the Spice Island for its nutmeg production and beautiful beaches."
Guatemala,Guatemala City,North America,"Guatemala is known for its Mayan heritage, volcanoes, and colorful textiles."
Guinea,Conakry,Africa,"Guinea is known for its bauxite reserves and as the source of several West African rivers."
Guinea-Bissau,Bissau,Africa,"Guinea-Bissau is known for its archipelago, cashew production, and Portuguese colonial heritage."
Guyana,Georgetown,South America,"Guyana is known for its pristine rainforests, Kaieteur Falls, and diverse ethnic population."
Haiti,Port-au-Prince,North America,"Haiti is known for its revolutionary history as the first independent black republic."
Honduras,Tegucigalpa,North America,"Honduras is known for Mayan ruins, Caribbean coastline, and coffee production."
Hungary,Budapest,Europe,"Hungary is known for its thermal baths, paprika, and beautiful Danube River capital."
Iceland,Reykjavík,Europe,"Iceland is known for its geysers, glaciers, Northern Lights, and renewable energy."
India,New Delhi,Asia,"India is known for its diverse culture, ancient history, Bollywood, and spicy cuisine."
Indonesia,Jakarta,Asia,"Indonesia is the world's largest archipelago known for its biodiversity and cultural diversity."
Iran,Tehran,Asia,"Iran is known for its ancient Persian heritage, carpets, and rich cultural traditions."
Iraq,Baghdad,Asia,"Iraq is known for its ancient Mesopotamian civilization and oil reserves."
Ireland,Dublin,Europe,"Ireland is known for its green landscapes, Celtic culture, literature, and friendly people."
Israel,Jerusalem,Asia,"Israel is known for its religious significance, technology sector, and Mediterranean climate."
Italy,Rome,Europe,"Italy is renowned for its art, history, cuisine, fashion, and iconic landmarks like the Colosseum."
Jamaica,Kingston,North America,"Jamaica is known for reggae music, Blue Mountain coffee, and beautiful Caribbean beaches."
Japan,Tokyo,Asia,"Japan is an island country famous for technology, anime, sushi, and cherry blossoms."
Jordan,Amman,Asia,"Jordan is known for the ancient city of Petra, desert landscapes, and historical significance."
Kazakhstan,Nur-Sultan,Asia,"Kazakhstan is the world's largest landlocked country known for its oil reserves and steppes."
Kenya,Nairobi,Africa,"Kenya is known for its wildlife safaris, Great Rift Valley, and long-distance runners."
Kiribati,Tarawa,Oceania,"Kiribati is a Pacific island nation known for its atolls and vulnerability to climate change."
Korea (North),Pyongyang,Asia,"North Korea is known for its isolated political system and mountainous terrain."
Korea (South),Seoul,Asia,"South Korea is a technological and cultural powerhouse known for K-pop and electronics."
Kuwait,Kuwait City,Asia,"Kuwait is known for its oil wealth and modern architecture in the Persian Gulf."
Kyrgyzstan,Bishkek,Asia,"Kyrgyzstan is known for its mountainous terrain, nomadic traditions, and silk road history."
Laos,Vientiane,Asia,"Laos is known for its Buddhist temples, Mekong River, and landlocked Southeast Asian location."
Latvia,Riga,Europe,"Latvia is known for its Art Nouveau architecture, Baltic Sea coastline, and folk traditions."
Lebanon,Beirut,Asia,"Lebanon is known for its ancient history, diverse religious communities, and Mediterranean cuisine."
Lesotho,Maseru,Africa,"Lesotho is a landlocked kingdom entirely surrounded by South Africa, known for its mountains."
Liberia,Monrovia,Africa,"Liberia was founded by freed American slaves and is known for its unique history in Africa."
Libya,Tripoli,Africa,"Libya is known for its oil reserves, Mediterranean coastline, and ancient Roman ruins."
Liechtenstein,Vaduz,Europe,"Liechtenstein is a small Alpine principality known for its banking sector and mountain scenery."
Lithuania,Vilnius,Europe,"Lithuania is known for its medieval old town, amber, and Baltic Sea location."
Luxembourg,Luxembourg,Europe,"Luxembourg is known for its banking sector, multilingual population, and high standard of living."
Madagascar,Antananarivo,Africa,"Madagascar is a large island nation known for its unique biodiversity and lemur population."
Malawi,Lilongwe,Africa,"Malawi is known as the Warm Heart of Africa for its friendly people and Lake Malawi."
Malaysia,Kuala Lumpur,Asia,"Malaysia is known for its cultural diversity, tropical rainforests, and modern cities."
Maldives,Malé,Asia,"The Maldives is known for its luxury resorts, coral atolls, and crystal-clear waters."
Mali,Bamako,Africa,"Mali is known for its ancient empires, Sahara Desert, and traditional music."
Malta,Valletta,Europe,"Malta is a Mediterranean island nation known for its historic fortifications and maritime history."
Marshall Islands,Majuro,Oceania,"The Marshall Islands are known for their atolls, World War II history, and nuclear testing legacy."
Mauritania,Nouakchott,Africa,"Mauritania is known for its Saharan landscape and nomadic Berber traditions."
Mauritius,Port Louis,Africa,"Mauritius is known for its beaches, multicultural society, and extinct dodo bird."
Mexico,Mexico City,North America,"Mexico has a rich heritage of ancient civilizations, vibrant culture, and diverse cuisine."
Micronesia,Palikir,Oceania,"Micronesia is known for its diving sites, World War II wrecks, and traditional navigation."
Moldova,Chișinău,Europe,"Moldova is known for its wine production, Soviet heritage, and agricultural landscape."
Monaco,Monaco,Europe,"Monaco is known for its casinos, Formula 1 Grand Prix, and luxury lifestyle."
Mongolia,Ulaanbaatar,Asia,"Mongolia is known for its nomadic culture, vast steppes, and Genghis Khan's legacy."
Montenegro,Podgorica,Europe,"Montenegro is known for its dramatic mountains, medieval villages, and Adriatic coastline."
Morocco,Rabat,Africa,"Morocco is known for its imperial cities, Sahara Desert, and vibrant souks."
Mozambique,Maputo,Africa,"Mozambique is known for its Indian Ocean coastline, Portuguese colonial heritage, and seafood."
Myanmar,Naypyidaw,Asia,"Myanmar is known for its Buddhist temples, diverse ethnic groups, and the ancient city of Bagan."
Namibia,Windhoek,Africa,"Namibia is known for the Namib Desert, diamond mining, and diverse wildlife."
Nauru,Yaren,Oceania,"Nauru is one of the world's smallest countries, known for phosphate mining and obesity rates."
Nepal,Kathmandu,Asia,"Nepal is home to Mount Everest, Buddhist temples, and rich Himalayan culture."
Netherlands,Amsterdam,Europe,"The Netherlands is known for its flat landscape, tulips, windmills, and cycling culture."
New Zealand,Wellington,Oceania,"New Zealand is known for its stunning landscapes, Maori culture, and adventure tourism."
Nicaragua,Managua,North America,"Nicaragua is known for its lakes, volcanoes, and colonial architecture."
Niger,Niamey,Africa,"Niger is a landlocked Sahel country known for uranium mining and desert landscapes."
Nigeria,Abuja,Africa,"Nigeria is Africa's most populous country known for Nollywood films and oil production."
North Macedonia,Skopje,Europe,"North Macedonia is known for its mountainous terrain and multicultural heritage."
Norway,Oslo,Europe,"Norway is known for its fjords, midnight sun, Northern Lights, and oil wealth."
Oman,Muscat,Asia,"Oman is known for its desert landscapes, frankincense trade, and maritime history."
Pakistan,Islamabad,Asia,"Pakistan is known for its mountain ranges, cricket culture, and ancient Indus Valley civilization."
Palau,Ngerulmud,Oceania,"Palau is known for its pristine marine environment and world-class diving sites."
Palestine,Ramallah,Asia,"Palestine is known for its historical and religious significance in the Middle East."
Panama,Panama City,North America,"Panama is known for the Panama Canal, connecting the Atlantic and Pacific oceans."
Papua New Guinea,Port Moresby,Oceania,"Papua New Guinea is known for its cultural diversity and tropical biodiversity."
Paraguay,Asunción,South America,"Paraguay is a landlocked country known for its Guaraní heritage and mate tea culture."
Peru,Lima,South America,"Peru is known for Machu Picchu, the Inca civilization, and diverse geographical regions."
Philippines,Manila,Asia,"The Philippines is an archipelago known for its beaches, rice terraces, and vibrant culture."
Poland,Warsaw,Europe,"Poland is known for its medieval architecture, pierogi cuisine, and resilient history."
Portugal,Lisbon,Europe,"Portugal is known for its exploration history, port wine, and beautiful coastline."
Qatar,Doha,Asia,"Qatar is known for its oil and gas wealth, modern architecture, and hosting the FIFA World Cup."
Romania,Bucharest,Europe,"Romania is known for its Carpathian Mountains, Dracula legend, and painted monasteries."
Russia,Moscow,Europe/Asia,"Russia is the largest country in the world by area, known for its literature and cold climate."
Rwanda,Kigali,Africa,"Rwanda is known for its mountain gorillas, coffee production, and remarkable post-genocide recovery."
Saint Kitts and Nevis,Basseterre,North America,"Saint Kitts and Nevis is known for its sugar plantation history and volcanic landscapes."
Saint Lucia,Castries,North America,"Saint Lucia is known for its distinctive Piton mountains and luxury resorts."
Saint Vincent and the Grenadines,Kingstown,North America,"Saint Vincent and the Grenadines is known for its sailing culture and volcanic islands."
Samoa,Apia,Oceania,"Samoa is known for its Polynesian culture, traditional tattoos, and tropical beauty."
San Marino,San Marino,Europe,"San Marino is one of the world's oldest republics, located within Italy."
São Tomé and Príncipe,São Tomé,Africa,"São Tomé and Príncipe is known for cocoa production and pristine rainforests."
Saudi Arabia,Riyadh,Asia,"Saudi Arabia is known for its vast deserts, oil reserves, and Islamic holy sites."
Senegal,Dakar,Africa,"Senegal is known for its music, art, colonial architecture, and democratic traditions."
Serbia,Belgrade,Europe,"Serbia is known for its music, nightlife, and position at the crossroads of Central Europe."
Seychelles,Victoria,Africa,"Seychelles is known for its pristine beaches, granite boulders, and luxury tourism."
Sierra Leone,Freetown,Africa,"Sierra Leone is known for its diamond mining, civil war recovery, and natural harbors."
Singapore,Singapore,Asia,"Singapore is a city-state known for its efficient governance, multicultural society, and cuisine."
Slovakia,Bratislava,Europe,"Slovakia is known for its castles, mountain hiking, and automotive industry."
Slovenia,Ljubljana,Europe,"Slovenia is known for its alpine scenery, caves, and green tourism initiatives."
Solomon Islands,Honiara,Oceania,"The Solomon Islands are known for World War II history and marine biodiversity."
Somalia,Mogadishu,Africa,"Somalia is known for its long coastline, nomadic culture, and maritime trading history."
South Africa,Pretoria,Africa,"South Africa is known for its wildlife, diverse cultures, and post-apartheid transformation."
South Sudan,Juba,Africa,"South Sudan is the world's youngest country, known for its oil reserves and ongoing challenges."
Spain,Madrid,Europe,"Spain is known for its flamenco dancing, architecture, cuisine, and diverse regional cultures."
Sri Lanka,Sri Jayawardenepura Kotte,Asia,"Sri Lanka is known for its tea plantations, ancient temples, and beautiful beaches."
Sudan,Khartoum,Africa,"Sudan is known for its ancient Nubian civilization and the confluence of the Blue and White Nile."
Suriname,Paramaribo,South America,"Suriname is known for its rainforests, diverse ethnic population, and Dutch colonial heritage."
Sweden,Stockholm,Europe,"Sweden is known for its innovation, welfare state, IKEA, and beautiful archipelagos."
Switzerland,Bern,Europe,"Switzerland is known for its Alps, chocolate, watches, and international organizations."
Syria,Damascus,Asia,"Syria is known for its ancient history, archaeological sites, and ongoing conflict challenges."
Tajikistan,Dushanbe,Asia,"Tajikistan is known for its mountainous terrain, Persian heritage, and hydroelectric power."
Tanzania,Dodoma,Africa,"Tanzania is known for Serengeti wildlife, Mount Kilimanjaro, and Zanzibar's spice trade."
Thailand,Bangkok,Asia,"Thailand is known for its temples, street food, tropical beaches, and friendly culture."
Timor-Leste,Dili,Asia,"Timor-Leste is known for its recent independence, coffee production, and coral reefs."
Togo,Lomé,Africa,"Togo is known for its palm-lined beaches, hilltop villages, and traditional crafts."
Tonga,Nuku'alofa,Oceania,"Tonga is known for being the last Polynesian monarchy and its traditional culture."
Trinidad and Tobago,Port of Spain,North America,"Trinidad and Tobago is known for Carnival celebrations, steel pan music, and energy resources."
Tunisia,Tunis,Africa,"Tunisia is known for its ancient Carthage ruins, Mediterranean beaches, and Arab Spring origins."
Turkey,Ankara,Europe/Asia,"Turkey bridges Europe and Asia with rich history, from Byzantine to Ottoman empires."
Turkmenistan,Ashgabat,Asia,"Turkmenistan is known for its natural gas reserves, desert landscapes, and marble capital city."
Tuvalu,Funafuti,Oceania,"Tuvalu is one of the smallest countries, known for climate change vulnerability and atolls."
Uganda,Kampala,Africa,"Uganda is known for mountain gorillas, the source of the Nile, and diverse wildlife."
Ukraine,Kyiv,Europe,"Ukraine is known for its fertile farmlands, Orthodox churches, and rich cultural traditions."
United Arab Emirates,Abu Dhabi,Asia,"The UAE is known for modern architecture, oil wealth, and international business hubs."
United Kingdom,London,Europe,"The UK is known for its monarchy, historic landmarks, literature, and global influence."
United States,Washington D.C.,North America,"The USA is a country of diverse landscapes, cultures, and global economic influence."
Uruguay,Montevideo,South America,"Uruguay is known for its progressive policies, beef production, and stable democracy."
Uzbekistan,Tashkent,Asia,"Uzbekistan is known for its Silk Road cities, Islamic architecture, and cotton production."
Vanuatu,Port Vila,Oceania,"Vanuatu is known for active volcanoes, diverse languages, and traditional customs."
Vatican City,Vatican City,Europe,"Vatican City is the world's smallest country and the spiritual center of Catholicism."
Venezuela,Caracas,South America,"Venezuela is known for its oil reserves, Angel Falls, and diverse ecosystems."
Vietnam,Hanoi,Asia,"Vietnam is known for its bustling cities, delicious cuisine, and historical resilience."
Yemen,Sana'a,Asia,"Yemen is known for its ancient architecture, coffee origins, and strategic location."
Zambia,Lusaka,Africa,"Zambia is known for Victoria Falls, copper mining, and wildlife conservation."
Zimbabwe,Harare,Africa,"Zimbabwe is known for Victoria Falls, ancient ruins, and challenging economic history."